id,received_at_utc,database,file,hunters,dracula,winner_side,winner_players,loser_players,influence,dracula_health,dracula_max_health,days_completed,score,game_type,advanced_rules,house_rules,mod_house_rules,has_ai,save_version,mod_version,config_code,identifier,log_sha256,ended_at_utc,action_count
20260917T223538Z-1bc8bb01,2026-09-17T22:35:38.597Z,casual,Lordgodalming_Drjohnseward_Vanhelsing_Minaharker_Vs_Rtowin_2026-09-17_22-35-38.fod,Lord Godalming & Dr. John Seward & Van Helsing & Mina Harker,RToWin,Hunters,Lord Godalming & Dr. John Seward & Van Helsing & Mina Harker,RToWin,0,0,15,1,-15,Local,Power cards: all; Free placement; Rumour tokens; Lairs,Dark Call draws an event card; Trail slides before Dracula moves,Dracula starting damage 10; Dark Call damage 5,true,40,0.50.0,0C818D,032c5cf7-1ab9-497d-a9f0-5ec799e6d437,9f0131c0fe99210e55adcfa51b207aea41dc9275dce2fe0839427ccf5523bb16,2026-09-17T22:35:27Z,25
20260918T005007Z-869a14da,2026-09-18T00:50:07.659Z,casual,Lordgodalming_Drjohnseward_Vanhelsing_Minaharker_Vs_Rtowin_2026-09-18_00-50-07.fod,Lord Godalming & Dr. John Seward & Van Helsing & Mina Harker,RToWin,Dracula,RToWin,Lord Godalming & Dr. John Seward & Van Helsing & Mina Harker,13,12,15,14,10,Local,Power cards: all; Free placement; Rumour tokens; Lairs,Dark Call draws an event card; Trail slides before Dracula moves,Dracula starting damage 10; Dark Call damage 5,true,40,0.51.0,A28F5B,974ff960-70a9-462a-8f58-ca2f59d84c74,1d2adf9e00c9ba5a53780dfc21caa478546df2e1d3413229e4988d7ca3a94aa9,2026-09-18T00:50:04Z,627
20260918T102604Z-8f183055,2026-09-18T10:26:04.840Z,casual,Lordgodalming_Drjohnseward_Vanhelsing_Minaharker_Vs_Rtowin_2026-09-18_10-26-04.fod,Lord Godalming & Dr. John Seward & Van Helsing & Mina Harker,RToWin,Hunters,Lord Godalming & Dr. John Seward & Van Helsing & Mina Harker,RToWin,0,0,15,1,-15,Local,Power cards: all; Free placement; Rumour tokens; Lairs,Dark Call draws an event card; Trail slides before Dracula moves,Dracula starting damage 10; Dark Call damage 5,true,40,0.51.0,A28F5B,7e425e6e-334d-412e-b374-bee411328160,9cc0b6be5624304a73a19477220c190c21360d8d5bd87711d5f353d274f8a847,2026-09-18T10:26:02Z,25
20260918T103534Z-1e4f20ea,2026-09-18T10:35:34.439Z,casual,Lordgodalming_Drjohnseward_Vanhelsing_Minaharker_Vs_Rtowin_2026-09-18_10-35-34.fod,Lord Godalming & Dr. John Seward & Van Helsing & Mina Harker,RToWin,Hunters,Lord Godalming & Dr. John Seward & Van Helsing & Mina Harker,RToWin,0,0,15,1,-15,Local,Power cards: all; Free placement; Rumour tokens; Lairs,Dark Call draws an event card; Trail slides before Dracula moves,Dracula starting damage 10; Dark Call damage 5,true,40,0.51.0,A28F5B,08f4f54d-7ac8-49dd-b9fc-aac656933ef7,bc42a448755cf60fc9aa8896aac030ac3c66bbf7ad620a49781df1cda2522a22,2026-09-18T10:35:31Z,29
20260918T104637Z-f4290201,2026-09-18T10:46:37.416Z,casual,Lordgodalming_Drjohnseward_Vanhelsing_Minaharker_Vs_Rtowin_2026-09-18_10-46-37.fod,Lord Godalming & Dr. John Seward & Van Helsing & Mina Harker,RToWin,Hunters,Lord Godalming & Dr. John Seward & Van Helsing & Mina Harker,RToWin,0,0,15,1,-15,Local,Power cards: all; Free placement; Rumour tokens; Lairs,Dark Call draws an event card; Trail slides before Dracula moves,Dracula starting damage 10; Dark Call damage 5,true,40,0.51.0,A28F5B,53ada3c4-3cab-46d5-bf1c-212d2c6ce119,d7ac8ba5f45e1f367b57e5a42fc8d96a859d41426a1339c0a0af320c13563064,2026-09-18T10:46:34Z,24
20260918T105451Z-8889073e,2026-09-18T10:54:51.259Z,casual,Lordgodalming_Drjohnseward_Vanhelsing_Minaharker_Vs_Rtowin_2026-09-18_10-54-51.fod,Lord Godalming & Dr. John Seward & Van Helsing & Mina Harker,RToWin,Hunters,Lord Godalming & Dr. John Seward & Van Helsing & Mina Harker,RToWin,0,0,15,1,-15,Local,Power cards: all; Free placement; Rumour tokens; Lairs,Dark Call draws an event card; Trail slides before Dracula moves,Dracula starting damage 10; Dark Call damage 5,true,40,0.51.0,A28F5B,fc69bfd0-0110-436a-b60f-d0149f480d1a,d9b1fcebb6f92d359524b66112224bb61eccb74c34b80f3aef9dc07a6959ba57,2026-09-18T10:54:49Z,26
20260919T213131Z-f60e4d14,2026-09-19T21:31:31.423Z,casual,Andrezot_Vs_Rtowin_2026-09-19_21-31-31.fod,AndreZot,RToWin,Dracula,RToWin,AndreZot,13,5,15,16,3,Network,Power cards: all; Free placement; Rumour tokens; Lairs,Dark Call draws an event card; Trail slides before Dracula moves,,false,40,0.60.0,72ACA4,a9f40377-3b42-4b44-9a81-be3e6b3c6803,6b48bc2bd42d8b7f49e0d7eabc05008ac98841e890e2b437ef4d397fd279836c,2026-09-19T21:29:02Z,592
20260922T193454Z-06ad15a7,2026-09-22T19:34:54.574Z,casual,Xmarksthescot_Vs_Dracula_2026-09-22_19-34-54.fod,'X'MarksTheScot,Dracula,Hunters,'X'MarksTheScot,Dracula,6,0,15,16,-9,Local,Power cards: all; Free placement; Rumour tokens; Lairs,Trail slides before Dracula moves,Bites score influence; Manchester becomes Whitby; Sister Agatha damage 1; Long Night at dawn or dusk; Bitten hunters carry one ticket (Mina too); Great Strength only at your location; Advanced Dracula AI; Heroic Leap damage limited by your health; Dracula mulligans his opening hand; Dracula starts with an encounter; Rifle does not clear Rats; Galatz becomes a port; Customs Search on entering a land region; Empowered Devilish Power; Heavenly Host discarded against Great Wolf; Mini VL Blood Transfusion; Hired Scouts playable as an action; Heavenly Host discarded against Desecrated Soil; Matured Spy always discards tickets; Misdirect can target sea locations; Garlic Wreath only discarded by Claws,true,40,0.63.0,9A881B,a557ef8e-5089-4323-b643-98c59dae5b65,71d687d7a2412477f1900a1803363ca4f7734d9fa9144195716629312194e639,2026-09-22T19:34:47Z,687
20260923T184705Z-1f95b05f,2026-09-23T18:47:05.586Z,casual,Rtowinlots_Vs_Dracula_2026-09-23_18-47-05.fod,RToWinLots,Dracula,Hunters,RToWinLots,Dracula,2,0,15,9,-13,Local,Power cards: all; Free placement; Rumour tokens; Lairs,Trail slides before Dracula moves,Advanced Dracula AI,true,40,0.68.0,78E5DB,c42429d0-347c-4a53-a3c6-1ebcf9975228,b4dc22991df0d2d1b386b7ef071b57eba5d7822e5a62b8f16aff23c946eae83f,2026-09-23T18:47:01Z,518
20260924T194907Z-c5ea7216,2026-09-24T19:49:07.147Z,casual,Tarvalar_Vs_Rtowinlots_2026-09-24_19-49-07.fod,Tarvalar,RToWinLots,Dracula,RToWinLots,Tarvalar,13,7,15,18,5,Network,Power cards: all; Free placement; Rumour tokens; Lairs,Dark Call draws an event card; Dracula can't see the markers; Trail slides before Dracula moves,,false,40,0.69.2,E53A9F,8fba1b0d-a044-45c5-bb9a-4020bf845e8b,7b973c7ae533f58fbefe9b156ca0f0df7064b126de56e3f42ee6f3c6f30605ed,2026-09-24T19:49:00Z,768
20260926T104429Z-272b69df,2026-09-26T10:44:29.988Z,casual,Lordgodalming_Drjohnseward_Vanhelsing_Minaharker_Vs_Dracula_2026-09-26_10-44-29.fod,Lord Godalming & Dr. John Seward & Van Helsing & Mina Harker,Dracula,Dracula,Dracula,Lord Godalming & Dr. John Seward & Van Helsing & Mina Harker,13,15,15,21,15,Local,Power cards: all; Free placement; Rumour tokens; Lairs,Trail slides before Dracula moves,Advanced Dracula AI,true,40,0.72.0,A97C40,38e0ccc4-dcea-52f0-b865-bfe0a46e783a,0a7f75480fbf18412485f3923e333e6b7e97e997b4063c803609300dea79629e,2026-09-26T10:44:22Z,904
20260928T170955Z-5e41562c,2026-09-28T17:09:55.884Z,casual,Rtowin_Vs_Dracula_2026-09-28_17-09-55.fod,RToWin,Dracula,Hunters,RToWin,Dracula,4,0,15,13,-11,Local,Power cards: all; Free placement; Rumour tokens; Lairs,Trail slides before Dracula moves,Advanced Dracula AI,true,40,0.78.0,F1CAB5,9d55b3ce-9ddb-44e2-806e-cc644d49f002,4a0ab6d828ea132600e37565edae98a5daadb881097a6960808af42ce609f1f6,2026-09-28T17:09:48Z,677
20260928T222419Z-efd4b9fc,2026-09-28T22:24:19.424Z,casual,Rtowin_Vs_Dracula_2026-09-28_22-24-19.fod,RToWin,Dracula,Hunters,RToWin,Dracula,4,0,15,13,-11,Local,Power cards: all; Free placement; Rumour tokens; Lairs,Trail slides before Dracula moves,Advanced Dracula AI,true,40,0.78.0,F1CAB5,98bcc2ab-abb1-4897-b003-3be5d44d8237,4a0ab6d828ea132600e37565edae98a5daadb881097a6960808af42ce609f1f6,2026-09-28T17:09:48Z,677
20260929T215513Z-64ccb89d,2026-09-29T21:55:13.545Z,casual,Rtowin_Vs_Dracula_2026-09-29_21-55-13.fod,RToWin,Dracula,Hunters,RToWin,Dracula,0,0,15,10,-15,Local,Power cards: all; Free placement; Rumour tokens; Lairs,Dark Call draws an event card; Trail slides before Dracula moves,Revised Consecrated Ground; Manchester becomes Whitby; Advanced Dracula AI; Galatz becomes a port,true,40,0.78.0,008FAF,71485927-4638-49bc-be69-f23487016bde,b875ff27526894dcebd41b92311286cd0ce1ae65e969b8e67086b0a92b6ba9a6,2026-09-29T21:55:08Z,555
20260930T171159Z-6af5a945,2026-09-30T17:11:59.127Z,casual,Rtowin_Vs_Dracula_2026-09-30_17-11-59.fod,RToWin,Dracula,Hunters,RToWin,Dracula,0,0,15,16,-15,Local,Power cards: all; Free placement; Rumour tokens; Lairs,Dark Call draws an event card; Trail slides before Dracula moves,Bites score influence; Revised Consecrated Ground; Manchester becomes Whitby; Sister Agatha damage 1; Long Night at dawn or dusk; Great Strength only at your location; Advanced Dracula AI; Heroic Leap damage limited by your health; Dracula starts with an encounter; Rifle does not clear Rats; Galatz becomes a port; Customs Search on entering a land region; Empowered Devilish Power; Mod rule 1006 1; Mod rule 1004 1; Mod rule 1001 1; Mod rule 1000 1; Heavenly Host discarded against Desecrated Soil; Matured Spy always discards tickets; Misdirect can target sea locations; Garlic Wreath only discarded by Claws,true,40,0.86.0,EEBB70,d322410c-502c-4cec-8108-19fe45751ad4,a43c9da4f50cdbf8817d84e32dac3761b341a6e1c9698d5f2093f8c15490face,2026-09-30T17:11:56Z,745
20261001T204039Z-45a15160,2026-10-01T20:40:39.500Z,casual,Rtowin_Vs_Dracula_2026-10-01_20-40-39.fod,RToWin,Dracula,Hunters,RToWin,Dracula,3,0,15,17,-12,Local,Power cards: all; Free placement; Rumour tokens; Lairs,Trail slides before Dracula moves,Revised Consecrated Ground; Sister Agatha damage 1; Advanced Dracula AI; Mod rule 1007 1; Mod rule 1005 1,true,40,0.87.0,21117A,d35319f6-de05-4bb2-b58e-601fb0aa8b3c,45457c579b4af03255532dc73f869acc1be5543c90cedb1350cd2d321b347509,2026-10-01T20:40:36Z,769
20261004T113929Z-dacd7441,2026-10-04T11:39:29.620Z,casual,Rtowin_Vs_Dracula_2026-10-04_11-39-29.fod,RToWin,Dracula,Hunters,RToWin,Dracula,1,0,15,11,-14,Local,Power cards: all; Free placement; Rumour tokens; Lairs,Trail slides before Dracula moves,Revised Consecrated Ground; Manchester becomes Whitby; Advanced Dracula AI; Heroic Leap damage limited by your health; Dracula starts with an encounter; Galatz becomes a port; Mod rule 1007 1; Mod rule 1006 1; Mod rule 1004 1; Mod rule 1001 1; Mod rule 1000 1; Garlic Wreath only discarded by Claws,true,40,0.93.0,DA066B,f8a214fe-d644-4e50-bea8-abb36c8a6c5c,a5872e2568bf046e60ad524da0419ba18d9e8b7aa196f0c2166e5bd155442bf2,2026-10-04T11:39:25Z,538
20261004T162510Z-142dd3a9,2026-10-04T16:25:10.822Z,casual,Rtowin_Vs_Dracula_2026-10-04_16-25-10.fod,RToWin,Dracula,Hunters,RToWin,Dracula,7,0,15,17,-8,Local,Power cards: all; Free placement; Rumour tokens; Lairs,Trail slides before Dracula moves,Revised Consecrated Ground; Manchester becomes Whitby; Advanced Dracula AI; Heroic Leap damage limited by your health; Dracula starts with an encounter; Galatz becomes a port; Mod rule 1007 1; Mod rule 1006 1; Mod rule 1004 1; Mod rule 1001 1; Mod rule 1000 1; Garlic Wreath only discarded by Claws,true,40,0.94.0,7D6A65,1f6e9fe4-4799-45b1-820e-393d957d1ec0,ed337c578650802f036c62cd9823ca3852150358fe3e20b1d394176f1fc41e1b,2026-10-04T16:25:07Z,814
20261005T000012Z-160d1366,2026-10-05T00:00:12.112Z,casual,Rtowin_Vs_Dracula_2026-10-05_00-00-12.fod,RToWin,Dracula,Hunters,RToWin,Dracula,1,0,15,11,-14,Local,Power cards: all; Free placement; Rumour tokens; Lairs,Trail slides before Dracula moves,Revised Consecrated Ground; Manchester becomes Whitby; Advanced Dracula AI; Heroic Leap damage limited by your health; Dracula starts with an encounter; Galatz becomes a port; Mod rule 1007 1; Mod rule 1006 1,true,40,0.96.0,A43411,b5ceaf35-bff1-4a62-b993-5f82af7073d6,a1adad840f99ea472f19e5bb7329307c05cde986f9211199a498cc3fa109cee2,2026-10-05T00:00:07Z,608
20261006T172027Z-e0486926,2026-10-06T17:20:27.687Z,casual,Rtowin_Vs_Fangsoffire_2026-10-06_17-20-27.fod,RToWin,Fangs of Fire,Hunters,RToWin,Fangs of Fire,7,0,15,13,-8,Network,Power cards: all; Free placement; Rumour tokens; Lairs,Dark Call draws an event card; Trail slides before Dracula moves,,false,40,0.96.0,286274,bc6cc258-2143-46da-a885-f9e15714811e,ce82e2628ee8ab91d209e78eb67676e3d2f8c7161e5db9894fcaf07220e600ef,2026-10-06T17:20:25Z,517
20261006T210320Z-2dd4f756,2026-10-06T21:03:20.991Z,casual,Rtowin_Vs_Tarvalar_2026-10-06_21-03-20.fod,RToWin,Tarvalar,Hunters,RToWin,Tarvalar,6,0,17,10,-11,Network,Power cards: all; Free placement; Rumour tokens; Lairs,Dark Call draws an event card; Dracula can't see the markers; Trail slides before Dracula moves,Revised Consecrated Ground; Sister Agatha damage 1; Dracula starts with an encounter; Dracula additional health 2,false,40,0.96.0,A43411,ce273997-91f8-4c65-ba25-7e4c2380f796,1c5866d6b963c96e990b2ca01ceb683bb7a75cb1938bf35e574d95642e7d12da,2026-10-06T21:03:19Z,515
